<?xml version="1.0" encoding="UTF-8"?>

<laserDevice version="0">
  <originBottomLeft>true</originBottomLeft>
  <jobSentText>Job was sent as '$jobname'
Please:
-Close the lid
-Turn on the Ventilation
-And press 'start' on the Lasercutter $name</jobSentText>
  <jobPrefix>visicut </jobPrefix>
  <laserCutter class="de.thomas_oster.liblasercut.drivers.SmoothieBoard">
    <lineend>CRLF</lineend>
    <baudRate>115200</baudRate>
    <flipXaxis>false</flipXaxis>
    <flipYaxis>true</flipYaxis>
    <httpUploadUrl></httpUploadUrl>
    <autoPlay>true</autoPlay>
    <supportedResolutions>100,500,1000</supportedResolutions>
    <waitForOKafterEachLine>true</waitForOKafterEachLine>
    <preJobGcode>G21,G90,M3,M106,G92 X0 Y0 Z0</preJobGcode>
    <postJobGcode>G0 X0 Y0,M5,M106,G4 S20,M107</postJobGcode>
    <serialTimeout>15000</serialTimeout>
    <exportPath></exportPath>
    <uploadMethod>HTTP</uploadMethod>
    <identificationLine>Smoothie</identificationLine>
    <initDelay>0</initDelay>
    <host></host>
    <comport>auto</comport>
    <max__speed>6000.0</max__speed>
    <travel__speed>6000.0</travel__speed>
    <blankLaserDuringRapids>false</blankLaserDuringRapids>
    <useBidirectionalRastering>true</useBidirectionalRastering>
    <spindleMax>1.0</spindleMax>
    <currentPower>-1.0</currentPower>
    <currentSpeed>-1.0</currentSpeed>
    <nextPower>-1.0</nextPower>
    <nextSpeed>-1.0</nextSpeed>
    <currentFocus>0.0</currentFocus>
    <bedWidth>1000.0</bedWidth>
    <bedHeight>600.0</bedHeight>
    <rasterPadding>5.0</rasterPadding>
  </laserCutter>
  <cameraTiming>0</cameraTiming>
  <projectorTiming>0</projectorTiming>
  <projectorWidth>0</projectorWidth>
  <projectorHeight>0</projectorHeight>
  <thumbnailPath>La_32_Fabrique_32_Janz_233__32_60x100cm.png</thumbnailPath>
  <name>La Fabrique Janzé 60x100cm</name>
</laserDevice>
